training,model,lang,class,variant,precision_mean,precision_std,recall_mean,recall_std,f1_mean,f1_std
augmented_training,afro-xlmr,afr,anger,majority_baseline,0.0,0.0,0.0,0.0,0.0,0.0
augmented_training,afro-xlmr,afr,anger,model,0.5098261719580093,0.0696266165674346,0.3293172690763052,0.006956027339634035,0.398705298513534,0.01742079732010673
augmented_training,afro-xlmr,afr,disgust,majority_baseline,0.0,0.0,0.0,0.0,0.0,0.0
augmented_training,afro-xlmr,afr,disgust,model,0.5205128205128206,0.07147364033213513,0.06103286384976526,0.021514439882421785,0.1076901113543352,0.032435604354418626
augmented_training,afro-xlmr,afr,fear,majority_baseline,0.0,0.0,0.0,0.0,0.0,0.0
augmented_training,afro-xlmr,afr,fear,model,0.37427319057753844,0.0707872997303207,0.5854341736694678,0.11347131148755793,0.4478403387603869,0.045532359502894644
augmented_training,afro-xlmr,afr,joy,majority_baseline,0.37089201877934275,0.0,1.0,0.0,0.541095890410959,0.0
augmented_training,afro-xlmr,afr,joy,model,0.6632503806308411,0.04636631867487722,0.7628691983122362,0.032650704003633936,0.7081577666049804,0.01654219891178848
augmented_training,afro-xlmr,afr,sadness,majority_baseline,0.0,0.0,0.0,0.0,0.0,0.0
augmented_training,afro-xlmr,afr,sadness,model,0.5588318783638182,0.06040240533931727,0.7357001972386588,0.023913916475309938,0.6342879819129189,0.04598589452695528
augmented_training,afro-xlmr,afr,surprise,majority_baseline,0.0,0.0,0.0,0.0,0.0,0.0
augmented_training,afro-xlmr,afr,surprise,model,0.0,0.0,0.0,0.0,0.0,0.0
augmented_training,afro-xlmr,amh,anger,majority_baseline,0.0,0.0,0.0,0.0,0.0,0.0
augmented_training,afro-xlmr,amh,anger,model,0.5833356180702164,0.0290236472080895,0.7479954180985109,0.06899290500723028,0.653382921957084,0.009547277915253349
augmented_training,afro-xlmr,amh,disgust,majority_baseline,0.0,0.0,0.0,0.0,0.0,0.0
augmented_training,afro-xlmr,amh,disgust,model,0.6982744436511942,0.021170654994089957,0.7845010615711253,0.03769325005855839,0.7381409891868005,0.005206415922250975
augmented_training,afro-xlmr,amh,fear,majority_baseline,0.0,0.0,0.0,0.0,0.0,0.0
augmented_training,afro-xlmr,amh,fear,model,0.4837189712811603,0.007481083314384185,0.5493827160493827,0.05952870840119108,0.5134405437435741,0.027681776158525757
augmented_training,afro-xlmr,amh,joy,majority_baseline,0.1555806087936866,0.0,1.0,0.0,0.26926829268292685,0.0
augmented_training,afro-xlmr,amh,joy,model,0.7459188879426039,0.015386178441004667,0.7222222222222222,0.007542268114007761,0.7337786681008837,0.005664396316830209
augmented_training,afro-xlmr,amh,sadness,majority_baseline,0.0,0.0,0.0,0.0,0.0,0.0
augmented_training,afro-xlmr,amh,sadness,model,0.7287675184838918,0.01624285590143875,0.7098591549295774,0.02126713925428383,0.7189243232173391,0.008643642304049674
augmented_training,afro-xlmr,amh,surprise,majority_baseline,0.0,0.0,0.0,0.0,0.0,0.0
augmented_training,afro-xlmr,amh,surprise,model,0.5569196428571428,0.05883506854061248,0.7235772357723578,0.08822168461061264,0.624750548586097,0.031197437115406037
augmented_training,afro-xlmr,swa,anger,majority_baseline,0.0,0.0,0.0,0.0,0.0,0.0
augmented_training,afro-xlmr,swa,anger,model,0.3114502505983236,0.022425456827054466,0.29723991507430997,0.07243618730034809,0.30244201227197204,0.04919140948756915
augmented_training,afro-xlmr,swa,disgust,majority_baseline,0.0,0.0,0.0,0.0,0.0,0.0
augmented_training,afro-xlmr,swa,disgust,model,0.14769338855803085,0.011591179463883373,0.2258953168044077,0.12405873552834934,0.1702938340560278,0.05150651371779861
augmented_training,afro-xlmr,swa,fear,majority_baseline,0.0,0.0,0.0,0.0,0.0,0.0
augmented_training,afro-xlmr,swa,fear,model,0.07958937198067632,0.045773265520923076,0.035460992907801414,0.024568096561260667,0.048713788104973926,0.03210853003269695
augmented_training,afro-xlmr,swa,joy,majority_baseline,0.0,0.0,0.0,0.0,0.0,0.0
augmented_training,afro-xlmr,swa,joy,model,0.4363924206976815,0.024032224703424112,0.566066066066066,0.08309966427640672,0.4899217640140559,0.02097659035663364
augmented_training,afro-xlmr,swa,sadness,majority_baseline,0.0,0.0,0.0,0.0,0.0,0.0
augmented_training,afro-xlmr,swa,sadness,model,0.3221973848175086,0.04065433036908293,0.3776493256262043,0.07227360051449346,0.34199797492480416,0.01735849256579112
augmented_training,afro-xlmr,swa,surprise,majority_baseline,0.0,0.0,0.0,0.0,0.0,0.0
augmented_training,afro-xlmr,swa,surprise,model,0.3242537024421243,0.018875787297236487,0.560549313358302,0.07605240654440967,0.41030386578773675,0.03345863929205021
augmented_training,mbert,afr,anger,majority_baseline,0.0,0.0,0.0,0.0,0.0,0.0
augmented_training,mbert,afr,anger,model,0.2686104218362283,0.07011572304874264,0.12851405622489961,0.025080313246579913,0.16901652850758184,0.009004432266764506
augmented_training,mbert,afr,disgust,majority_baseline,0.0,0.0,0.0,0.0,0.0,0.0
augmented_training,mbert,afr,disgust,model,0.3593304843304843,0.23011623477241222,0.06103286384976526,0.02931923942910046,0.10009787289573274,0.04340977105620591
augmented_training,mbert,afr,fear,majority_baseline,0.0,0.0,0.0,0.0,0.0,0.0
augmented_training,mbert,afr,fear,model,0.31432807226363774,0.042058019447347696,0.3753501400560224,0.055952337130078925,0.34196690205120817,0.047176106987980616
augmented_training,mbert,afr,joy,majority_baseline,0.37089201877934275,0.0,1.0,0.0,0.541095890410959,0.0
augmented_training,mbert,afr,joy,model,0.5820903254220191,0.05286188177678806,0.6810126582278482,0.08947137745353054,0.6226444764567638,0.00816416714873068
augmented_training,mbert,afr,sadness,majority_baseline,0.0,0.0,0.0,0.0,0.0,0.0
augmented_training,mbert,afr,sadness,model,0.4600341792023528,0.058768445145704756,0.5956607495069034,0.05303483100492606,0.5168162764364664,0.038111754968852066
augmented_training,mbert,afr,surprise,majority_baseline,0.0,0.0,0.0,0.0,0.0,0.0
augmented_training,mbert,afr,surprise,model,0.0,0.0,0.0,0.0,0.0,0.0
augmented_training,mbert,amh,anger,majority_baseline,0.0,0.0,0.0,0.0,0.0,0.0
augmented_training,mbert,amh,anger,model,0.4237827106016452,0.0031500562121730452,0.7445589919816724,0.014409788803446826,0.5400772796842573,0.0016118263408296382
augmented_training,mbert,amh,disgust,majority_baseline,0.0,0.0,0.0,0.0,0.0,0.0
augmented_training,mbert,amh,disgust,model,0.38322031376079563,0.026807334623476838,0.8370488322717623,0.16165623081173,0.5201882316075634,0.01283568967627164
augmented_training,mbert,amh,fear,majority_baseline,0.0,0.0,0.0,0.0,0.0,0.0
augmented_training,mbert,amh,fear,model,0.037609153600917496,0.006564446770758567,0.37654320987654316,0.3885948329762257,0.060246607042638144,0.006912488339281044
augmented_training,mbert,amh,joy,majority_baseline,0.1555806087936866,0.0,1.0,0.0,0.26926829268292685,0.0
augmented_training,mbert,amh,joy,model,0.17309929119600417,0.004429271816039285,0.7681159420289855,0.19284758524885892,0.2800695905471038,0.010676158177406105
augmented_training,mbert,amh,sadness,majority_baseline,0.0,0.0,0.0,0.0,0.0,0.0
augmented_training,mbert,amh,sadness,model,0.21108869643223013,0.0017002306990619564,0.812206572769953,0.09403276528371415,0.3345097512624606,0.006943177325810974
augmented_training,mbert,amh,surprise,majority_baseline,0.0,0.0,0.0,0.0,0.0,0.0
augmented_training,mbert,amh,surprise,model,0.062111059165757626,0.03574607601862433,0.0934959349593496,0.08989164385160968,0.0636301004208399,0.032803093594742386
augmented_training,mbert,swa,anger,majority_baseline,0.0,0.0,0.0,0.0,0.0,0.0
augmented_training,mbert,swa,anger,model,0.21362511502101508,0.06013765744362725,0.31422505307855625,0.08409894828169155,0.24714474980026702,0.055441948175552036
augmented_training,mbert,swa,disgust,majority_baseline,0.0,0.0,0.0,0.0,0.0,0.0
augmented_training,mbert,swa,disgust,model,0.1631951500372553,0.01776426289559471,0.19559228650137742,0.033400428796094055,0.17779701329155417,0.024454914344408038
augmented_training,mbert,swa,fear,majority_baseline,0.0,0.0,0.0,0.0,0.0,0.0
augmented_training,mbert,swa,fear,model,0.05555555555555555,0.09622504486493762,0.0070921985815602835,0.012284048280630335,0.012578616352201257,0.021786802610929273
augmented_training,mbert,swa,joy,majority_baseline,0.0,0.0,0.0,0.0,0.0,0.0
augmented_training,mbert,swa,joy,model,0.3387544821401783,0.018824120214361705,0.5555555555555555,0.05998493800431886,0.4191471167611112,0.003945855561738084
augmented_training,mbert,swa,sadness,majority_baseline,0.0,0.0,0.0,0.0,0.0,0.0
augmented_training,mbert,swa,sadness,model,0.1715435652695576,0.015563513399418917,0.29479768786127164,0.17234741636850373,0.20198871295943868,0.03458825264115107
augmented_training,mbert,swa,surprise,majority_baseline,0.0,0.0,0.0,0.0,0.0,0.0
augmented_training,mbert,swa,surprise,model,0.2888350894190259,0.015493235174535989,0.5106117353308365,0.06381711819791289,0.3677758342706796,0.01743984438522465
augmented_training,xlm-roberta,afr,anger,majority_baseline,0.0,0.0,0.0,0.0,0.0,0.0
augmented_training,xlm-roberta,afr,anger,model,0.46537966537966535,0.12320192486598333,0.2610441767068273,0.013912054679268104,0.3288845315904139,0.025431070470313785
augmented_training,xlm-roberta,afr,disgust,majority_baseline,0.0,0.0,0.0,0.0,0.0,0.0
augmented_training,xlm-roberta,afr,disgust,model,0.6984126984126985,0.287033989206748,0.056338028169014086,0.05078241233047873,0.09915731301273471,0.08471404100403412
augmented_training,xlm-roberta,afr,fear,majority_baseline,0.0,0.0,0.0,0.0,0.0,0.0
augmented_training,xlm-roberta,afr,fear,model,0.44753061389992704,0.006935166820216874,0.3949579831932773,0.09544383774454243,0.41528994915070866,0.05847289947556279
augmented_training,xlm-roberta,afr,joy,majority_baseline,0.37089201877934275,0.0,1.0,0.0,0.541095890410959,0.0
augmented_training,xlm-roberta,afr,joy,model,0.6323382578086151,0.055234740794457636,0.7670886075949367,0.05231386916397935,0.6907345656463892,0.017832283188040827
augmented_training,xlm-roberta,afr,sadness,majority_baseline,0.0,0.0,0.0,0.0,0.0,0.0
augmented_training,xlm-roberta,afr,sadness,model,0.6075661375661375,0.03752762762694923,0.5857988165680473,0.09109351667657194,0.5917560092168682,0.032860507021343396
augmented_training,xlm-roberta,afr,surprise,majority_baseline,0.0,0.0,0.0,0.0,0.0,0.0
augmented_training,xlm-roberta,afr,surprise,model,0.0,0.0,0.0,0.0,0.0,0.0
augmented_training,xlm-roberta,amh,anger,majority_baseline,0.0,0.0,0.0,0.0,0.0,0.0
augmented_training,xlm-roberta,amh,anger,model,0.5599193886392859,0.00920801093838338,0.8006872852233676,0.017182130584192434,0.6589530392504697,0.010161514649035738
augmented_training,xlm-roberta,amh,disgust,majority_baseline,0.0,0.0,0.0,0.0,0.0,0.0
augmented_training,xlm-roberta,amh,disgust,model,0.6759958386582193,0.04024976814975301,0.7776008492569001,0.05334592955096493,0.7213638639256067,0.00789965080434489
augmented_training,xlm-roberta,amh,fear,majority_baseline,0.0,0.0,0.0,0.0,0.0,0.0
augmented_training,xlm-roberta,amh,fear,model,0.4428411095077762,0.07397575249973318,0.43209876543209874,0.028287504289850874,0.433641975308642,0.02187877604746576
augmented_training,xlm-roberta,amh,joy,majority_baseline,0.1555806087936866,0.0,1.0,0.0,0.26926829268292685,0.0
augmented_training,xlm-roberta,amh,joy,model,0.674763357178962,0.03322507413581973,0.7403381642512077,0.02950915875089521,0.7051455259613614,0.009170954808504406
augmented_training,xlm-roberta,amh,sadness,majority_baseline,0.0,0.0,0.0,0.0,0.0,0.0
augmented_training,xlm-roberta,amh,sadness,model,0.7066071428571429,0.022093118099239348,0.676056338028169,0.015683843275577505,0.6906855791962174,0.006119598936118571
augmented_training,xlm-roberta,amh,surprise,majority_baseline,0.0,0.0,0.0,0.0,0.0,0.0
augmented_training,xlm-roberta,amh,surprise,model,0.6097186700767264,0.011013044306800569,0.6666666666666666,0.030690383883214406,0.6367036042856815,0.016674866411402627
augmented_training,xlm-roberta,swa,anger,majority_baseline,0.0,0.0,0.0,0.0,0.0,0.0
augmented_training,xlm-roberta,swa,anger,model,0.22294164379604217,0.042138329726150406,0.3248407643312102,0.06740767671502143,0.2582084765344539,0.010609757752912664
augmented_training,xlm-roberta,swa,disgust,majority_baseline,0.0,0.0,0.0,0.0,0.0,0.0
augmented_training,xlm-roberta,swa,disgust,model,0.1739458851545532,0.05942933218235179,0.26721763085399447,0.029023839539539225,0.206353162584763,0.040516349789635246
augmented_training,xlm-roberta,swa,fear,majority_baseline,0.0,0.0,0.0,0.0,0.0,0.0
augmented_training,xlm-roberta,swa,fear,model,0.07393704486727742,0.025137884338530057,0.04964539007092198,0.03250053684365844,0.0580708081014266,0.02998925937352808
augmented_training,xlm-roberta,swa,joy,majority_baseline,0.0,0.0,0.0,0.0,0.0,0.0
augmented_training,xlm-roberta,swa,joy,model,0.39515688238434743,0.030295576697922884,0.5840840840840841,0.1213989731573403,0.46597446850241603,0.02577439613427853
augmented_training,xlm-roberta,swa,sadness,majority_baseline,0.0,0.0,0.0,0.0,0.0,0.0
augmented_training,xlm-roberta,swa,sadness,model,0.2897735155485726,0.05802163624494774,0.3198458574181118,0.08696172713985942,0.2928998257794606,0.016334789849715453
augmented_training,xlm-roberta,swa,surprise,majority_baseline,0.0,0.0,0.0,0.0,0.0,0.0
augmented_training,xlm-roberta,swa,surprise,model,0.3183880121034063,0.028201560276616234,0.46816479400749067,0.03963672376126729,0.3788497699963092,0.03148283335283295
baseline,afro-xlmr,afr,anger,majority_baseline,0.0,0.0,0.0,0.0,0.0,0.0
baseline,afro-xlmr,afr,anger,model,0.5411429529076588,0.013276555937883948,0.285140562248996,0.06182652336682992,0.37104404083570747,0.05618156596605477
baseline,afro-xlmr,afr,disgust,majority_baseline,0.0,0.0,0.0,0.0,0.0,0.0
baseline,afro-xlmr,afr,disgust,model,0.6349924585218703,0.21744580743215808,0.13615023474178403,0.032526775728993,0.22366522366522368,0.05623888704499023
baseline,afro-xlmr,afr,fear,majority_baseline,0.0,0.0,0.0,0.0,0.0,0.0
baseline,afro-xlmr,afr,fear,model,0.3900799477891989,0.038083937324576815,0.5602240896358543,0.09445218655511127,0.4547492194962981,0.005245473067759628
baseline,afro-xlmr,afr,joy,majority_baseline,0.37089201877934275,0.0,1.0,0.0,0.541095890410959,0.0
baseline,afro-xlmr,afr,joy,model,0.6276007479014998,0.053445729220701066,0.8168776371308017,0.04963144625327468,0.7073664027674186,0.014717493723887275
baseline,afro-xlmr,afr,sadness,majority_baseline,0.0,0.0,0.0,0.0,0.0,0.0
baseline,afro-xlmr,afr,sadness,model,0.5960188198990937,0.018693955313219622,0.6982248520710059,0.025792301441069077,0.6430116218997726,0.02021535621482876
baseline,afro-xlmr,afr,surprise,majority_baseline,0.0,0.0,0.0,0.0,0.0,0.0
baseline,afro-xlmr,afr,surprise,model,0.0,0.0,0.0,0.0,0.0,0.0
baseline,afro-xlmr,amh,anger,majority_baseline,0.0,0.0,0.0,0.0,0.0,0.0
baseline,afro-xlmr,amh,anger,model,0.5766297497632334,0.008794743901298118,0.7806414662084765,0.0723352052571657,0.6620524087289309,0.02241585964854743
baseline,afro-xlmr,amh,disgust,majority_baseline,0.0,0.0,0.0,0.0,0.0,0.0
baseline,afro-xlmr,amh,disgust,model,0.6552402475281388,0.03633095943462064,0.8540339702760086,0.031135901010748333,0.740525955196584,0.012036627221480387
baseline,afro-xlmr,amh,fear,majority_baseline,0.0,0.0,0.0,0.0,0.0,0.0
baseline,afro-xlmr,amh,fear,model,0.47772505446417773,0.07305572010335362,0.5246913580246914,0.046603916267103404,0.4973282679048825,0.046029020013683176
baseline,afro-xlmr,amh,joy,majority_baseline,0.0,0.0,0.0,0.0,0.0,0.0
baseline,afro-xlmr,amh,joy,model,0.7976039191139633,0.04501077802761121,0.6956521739130435,0.03568426739781196,0.7417721203599118,0.00964329806735877
baseline,afro-xlmr,amh,sadness,majority_baseline,0.0,0.0,0.0,0.0,0.0,0.0
baseline,afro-xlmr,amh,sadness,model,0.7230894382838727,0.01478614769533954,0.6976525821596243,0.04312098592753065,0.7095861831145934,0.02149406299168897
baseline,afro-xlmr,amh,surprise,majority_baseline,0.0,0.0,0.0,0.0,0.0,0.0
baseline,afro-xlmr,amh,surprise,model,0.6292520744171396,0.027756547806285937,0.6910569105691057,0.04928599858935828,0.6573781291172596,0.01307654078786399
baseline,afro-xlmr,swa,anger,majority_baseline,0.0,0.0,0.0,0.0,0.0,0.0
baseline,afro-xlmr,swa,anger,model,0.2304984616300246,0.011420524642706535,0.39915074309978765,0.0577947243686463,0.2916532600575154,0.023204715691629827
baseline,afro-xlmr,swa,disgust,majority_baseline,0.0,0.0,0.0,0.0,0.0,0.0
baseline,afro-xlmr,swa,disgust,model,0.19025902379196694,0.02590397724835488,0.2534435261707989,0.06881540494102918,0.21166355403643541,0.007177309088274593
baseline,afro-xlmr,swa,fear,majority_baseline,0.0,0.0,0.0,0.0,0.0,0.0
baseline,afro-xlmr,swa,fear,model,0.08363255257266532,0.01873598848017644,0.14184397163120568,0.06500107368731688,0.09841633699362838,0.008411138065137791
baseline,afro-xlmr,swa,joy,majority_baseline,0.0,0.0,0.0,0.0,0.0,0.0
baseline,afro-xlmr,swa,joy,model,0.4538329977926414,0.04917970128333747,0.6276276276276276,0.07555402778023494,0.5229304656643369,0.027805396351969724
baseline,afro-xlmr,swa,sadness,majority_baseline,0.0,0.0,0.0,0.0,0.0,0.0
baseline,afro-xlmr,swa,sadness,model,0.2597228466627849,0.022998358397319438,0.4624277456647399,0.03218360903369953,0.3319382424575594,0.01939678587355035
baseline,afro-xlmr,swa,surprise,majority_baseline,0.0,0.0,0.0,0.0,0.0,0.0
baseline,afro-xlmr,swa,surprise,model,0.34784160804398767,0.02620995174960165,0.6117353308364545,0.07531101688816817,0.4409240508147356,0.010877627678377542
baseline,mbert,afr,anger,majority_baseline,0.0,0.0,0.0,0.0,0.0,0.0
baseline,mbert,afr,anger,model,0.21775856449316386,0.05287133895282619,0.248995983935743,0.14524611502028212,0.22616671665071286,0.09583622701050426
baseline,mbert,afr,disgust,majority_baseline,0.0,0.0,0.0,0.0,0.0,0.0
baseline,mbert,afr,disgust,model,0.28347702849928835,0.11472695239660337,0.29107981220657275,0.045275355685412945,0.27296224796224794,0.027997387315577913
baseline,mbert,afr,fear,majority_baseline,0.0,0.0,0.0,0.0,0.0,0.0
baseline,mbert,afr,fear,model,0.3267767946339375,0.0416830317543241,0.41456582633053224,0.08074809694901722,0.3596033538301371,0.021833720228073058
baseline,mbert,afr,joy,majority_baseline,0.37089201877934275,0.0,1.0,0.0,0.541095890410959,0.0
baseline,mbert,afr,joy,model,0.455753713498752,0.027330493533786804,0.8565400843881856,0.053485069628661,0.5942201220885045,0.02660773076116557
baseline,mbert,afr,sadness,majority_baseline,0.0,0.0,0.0,0.0,0.0,0.0
baseline,mbert,afr,sadness,model,0.43271753138898345,0.011342596200977342,0.6134122287968442,0.132355811201638,0.502533926962232,0.044642574767810694
baseline,mbert,afr,surprise,majority_baseline,0.0,0.0,0.0,0.0,0.0,0.0
baseline,mbert,afr,surprise,model,0.0,0.0,0.0,0.0,0.0,0.0
baseline,mbert,amh,anger,majority_baseline,0.0,0.0,0.0,0.0,0.0,0.0
baseline,mbert,amh,anger,model,0.42546689266378196,0.007998904480482748,0.7457044673539519,0.040624022053391357,0.541361677540135,0.003932181749058748
baseline,mbert,amh,disgust,majority_baseline,0.0,0.0,0.0,0.0,0.0,0.0
baseline,mbert,amh,disgust,model,0.3626123022431773,0.007663613329961745,0.9580679405520169,0.03701444452571368,0.5258565008173264,0.0026545431412149
baseline,mbert,amh,fear,majority_baseline,0.0,0.0,0.0,0.0,0.0,0.0
baseline,mbert,amh,fear,model,0.032782296031021216,0.004101299802923537,0.5555555555555556,0.30932024237944566,0.060332109221641415,0.00449089254317804
baseline,mbert,amh,joy,majority_baseline,0.0,0.0,0.0,0.0,0.0,0.0
baseline,mbert,amh,joy,model,0.15947561016305165,0.005771709488633703,0.9504830917874396,0.056285894675029216,0.2729178584419103,0.006006641259996491
baseline,mbert,amh,sadness,majority_baseline,0.0,0.0,0.0,0.0,0.0,0.0
baseline,mbert,amh,sadness,model,0.211190001794061,0.0019059158548564907,0.9136150234741783,0.01917425150860292,0.3430452512795609,0.0014150297893467975
baseline,mbert,amh,surprise,majority_baseline,0.0,0.0,0.0,0.0,0.0,0.0
baseline,mbert,amh,surprise,model,0.06065772376440729,0.013884114117910044,0.43089430894308944,0.4942160000340629,0.08973846200467288,0.0015079942246200224
baseline,mbert,swa,anger,majority_baseline,0.0,0.0,0.0,0.0,0.0,0.0
baseline,mbert,swa,anger,model,0.1858752532453488,0.0316768661678736,0.39915074309978765,0.1251934011703233,0.2455328720744423,0.008744553799532368
baseline,mbert,swa,disgust,majority_baseline,0.0,0.0,0.0,0.0,0.0,0.0
baseline,mbert,swa,disgust,model,0.11652922960750652,0.01083907584961197,0.35537190082644626,0.16508251533419982,0.1689283485164068,0.009832225319460123
baseline,mbert,swa,fear,majority_baseline,0.0,0.0,0.0,0.0,0.0,0.0
baseline,mbert,swa,fear,model,0.03708473556715278,0.003683582134109533,0.28368794326241137,0.17843610816183153,0.0634509363619352,0.0016257497837653663
baseline,mbert,swa,joy,majority_baseline,0.0,0.0,0.0,0.0,0.0,0.0
baseline,mbert,swa,joy,model,0.34285389490746954,0.03232377096191709,0.5870870870870871,0.0537403308353552,0.43082179089334066,0.016444925437704108
baseline,mbert,swa,sadness,majority_baseline,0.0,0.0,0.0,0.0,0.0,0.0
baseline,mbert,swa,sadness,model,0.1651527129448376,0.02921329488903217,0.40655105973025046,0.25599389102493064,0.21574966916032542,0.009596286591245583
baseline,mbert,swa,surprise,majority_baseline,0.0,0.0,0.0,0.0,0.0,0.0
baseline,mbert,swa,surprise,model,0.2748673887188842,0.04239230191824557,0.6591760299625468,0.10140064697139241,0.38271213231468576,0.022112318564585953
baseline,xlm-roberta,afr,anger,majority_baseline,0.0,0.0,0.0,0.0,0.0,0.0
baseline,xlm-roberta,afr,anger,model,0.42594954648526073,0.1374871965348609,0.3614457831325301,0.24066246211371298,0.33186016310840993,0.04337181813360438
baseline,xlm-roberta,afr,disgust,majority_baseline,0.0,0.0,0.0,0.0,0.0,0.0
baseline,xlm-roberta,afr,disgust,model,0.4695459579180509,0.12004271329044323,0.20187793427230047,0.17945084369592856,0.2340801196543386,0.11922883911737872
baseline,xlm-roberta,afr,fear,majority_baseline,0.0,0.0,0.0,0.0,0.0,0.0
baseline,xlm-roberta,afr,fear,model,0.35392423155070657,0.042706224618349865,0.5210084033613446,0.08893281717864171,0.4156611196067949,0.006340504017706307
baseline,xlm-roberta,afr,joy,majority_baseline,0.37089201877934275,0.0,1.0,0.0,0.541095890410959,0.0
baseline,xlm-roberta,afr,joy,model,0.5764606736692123,0.046941202921934926,0.7999999999999999,0.01825595582513416,0.6696773864162351,0.03800364241892119
baseline,xlm-roberta,afr,sadness,majority_baseline,0.0,0.0,0.0,0.0,0.0,0.0
baseline,xlm-roberta,afr,sadness,model,0.5647171612436018,0.1038684399662168,0.6429980276134123,0.06650775266306654,0.5947955742328077,0.04807499375918708
baseline,xlm-roberta,afr,surprise,majority_baseline,0.0,0.0,0.0,0.0,0.0,0.0
baseline,xlm-roberta,afr,surprise,model,0.0,0.0,0.0,0.0,0.0,0.0
baseline,xlm-roberta,amh,anger,majority_baseline,0.0,0.0,0.0,0.0,0.0,0.0
baseline,xlm-roberta,amh,anger,model,0.5510979593936705,0.02513764254574422,0.8190148911798397,0.04001383384812958,0.6579398522972134,0.007399181402837023
baseline,xlm-roberta,amh,disgust,majority_baseline,0.0,0.0,0.0,0.0,0.0,0.0
baseline,xlm-roberta,amh,disgust,model,0.6633304322599362,0.005778527498416596,0.7977707006369427,0.025626555636036743,0.7242247776145653,0.010816017263785279
baseline,xlm-roberta,amh,fear,majority_baseline,0.0,0.0,0.0,0.0,0.0,0.0
baseline,xlm-roberta,amh,fear,model,0.5380134680134679,0.16015056217311313,0.4197530864197531,0.0650348997089675,0.4692801907087621,0.09784064122876229
baseline,xlm-roberta,amh,joy,majority_baseline,0.0,0.0,0.0,0.0,0.0,0.0
baseline,xlm-roberta,amh,joy,model,0.749970112517581,0.06862243982837246,0.6739130434782609,0.028758166424615136,0.7079275566075762,0.02024346980489419
baseline,xlm-roberta,amh,sadness,majority_baseline,0.0,0.0,0.0,0.0,0.0,0.0
baseline,xlm-roberta,amh,sadness,model,0.7166846249361402,0.025172746962427536,0.676056338028169,0.015683843275577505,0.6953851087093654,0.0037491755926628754
baseline,xlm-roberta,amh,surprise,majority_baseline,0.0,0.0,0.0,0.0,0.0,0.0
baseline,xlm-roberta,amh,surprise,model,0.6079619170814902,0.07346723178814774,0.6544715447154471,0.05763189788112936,0.628403991695131,0.04936024891322748
baseline,xlm-roberta,swa,anger,majority_baseline,0.0,0.0,0.0,0.0,0.0,0.0
baseline,xlm-roberta,swa,anger,model,0.1713252875547748,0.013603243911166357,0.5265392781316348,0.0204748423800275,0.25826498326157693,0.015584836807710356
baseline,xlm-roberta,swa,disgust,majority_baseline,0.0,0.0,0.0,0.0,0.0,0.0
baseline,xlm-roberta,swa,disgust,model,0.13991657977059438,0.009165388425202573,0.3443526170798898,0.033400428796094055,0.19844302901627742,0.008059499956204651
baseline,xlm-roberta,swa,fear,majority_baseline,0.0,0.0,0.0,0.0,0.0,0.0
baseline,xlm-roberta,swa,fear,model,0.0561900610287707,0.007490086439242204,0.07801418439716312,0.012284048280630337,0.06519498808244102,0.008696495840771673
baseline,xlm-roberta,swa,joy,majority_baseline,0.0,0.0,0.0,0.0,0.0,0.0
baseline,xlm-roberta,swa,joy,model,0.4372838520883214,0.01596290810989563,0.575075075075075,0.08853767560243582,0.4939465021014244,0.02091177830824071
baseline,xlm-roberta,swa,sadness,majority_baseline,0.0,0.0,0.0,0.0,0.0,0.0
baseline,xlm-roberta,swa,sadness,model,0.23810948426480752,0.03475234596818848,0.3468208092485549,0.10160922445807483,0.2745803375940363,0.015145042184291198
baseline,xlm-roberta,swa,surprise,majority_baseline,0.0,0.0,0.0,0.0,0.0,0.0
baseline,xlm-roberta,swa,surprise,model,0.29953700191124455,0.007463530451918294,0.5880149812734082,0.06996832094482923,0.39569938957006395,0.009628810682184918
combined_training,afro-xlmr,afr,anger,majority_baseline,0.0,0.0,0.0,0.0,0.0,0.0
combined_training,afro-xlmr,afr,anger,model,0.5963128825197791,0.05635229138361072,0.25702811244979923,0.04869219137743833,0.35692281049614555,0.046299486580334746
combined_training,afro-xlmr,afr,disgust,majority_baseline,0.0,0.0,0.0,0.0,0.0,0.0
combined_training,afro-xlmr,afr,disgust,model,0.557142857142857,0.051507875363771265,0.05164319248826291,0.035445232090473004,0.09270317032874109,0.060976411168690646
combined_training,afro-xlmr,afr,fear,majority_baseline,0.0,0.0,0.0,0.0,0.0,0.0
combined_training,afro-xlmr,afr,fear,model,0.47094847316576804,0.015601347863664992,0.4677871148459383,0.012836346484470148,0.4691250449155588,0.006106950349971629
combined_training,afro-xlmr,afr,joy,majority_baseline,0.37089201877934275,0.0,1.0,0.0,0.541095890410959,0.0
combined_training,afro-xlmr,afr,joy,model,0.6858417640836475,0.023227058044225275,0.7468354430379747,0.015399398810881523,0.7146867297962803,0.005887798665976019
combined_training,afro-xlmr,afr,sadness,majority_baseline,0.0,0.0,0.0,0.0,0.0,0.0
combined_training,afro-xlmr,afr,sadness,model,0.6423607932875668,0.02093060511584375,0.6173570019723865,0.024635100585397977,0.6290822811905185,0.004742455315271318
combined_training,afro-xlmr,afr,surprise,majority_baseline,0.0,0.0,0.0,0.0,0.0,0.0
combined_training,afro-xlmr,afr,surprise,model,0.0,0.0,0.0,0.0,0.0,0.0
combined_training,afro-xlmr,amh,anger,majority_baseline,0.0,0.0,0.0,0.0,0.0,0.0
combined_training,afro-xlmr,amh,anger,model,0.6053467644926459,0.010123875845453,0.7193585337915235,0.014613231182328847,0.6574072504357585,0.01045725873358818
combined_training,afro-xlmr,amh,disgust,majority_baseline,0.0,0.0,0.0,0.0,0.0,0.0
combined_training,afro-xlmr,amh,disgust,model,0.7132329453902622,0.013305432041862056,0.767515923566879,0.03588989703689383,0.7388519180844236,0.010185392650586923
combined_training,afro-xlmr,amh,fear,majority_baseline,0.0,0.0,0.0,0.0,0.0,0.0
combined_training,afro-xlmr,amh,fear,model,0.5719269367796277,0.019937414987592408,0.4753086419753086,0.038549370360483934,0.5180201362512812,0.014208602250674563
combined_training,afro-xlmr,amh,joy,majority_baseline,0.10372040586245773,0.08982450636772081,0.6666666666666666,0.5773502691896257,0.17951219512195124,0.15546212126471876
combined_training,afro-xlmr,amh,joy,model,0.7518724601104463,0.024928759063528348,0.7185990338164251,0.009118157530520218,0.7346765621116188,0.011579447810174205
combined_training,afro-xlmr,amh,sadness,majority_baseline,0.0,0.0,0.0,0.0,0.0,0.0
combined_training,afro-xlmr,amh,sadness,model,0.7112936659364474,0.011479329581826686,0.7258215962441316,0.004302887976484351,0.7184298206162417,0.0043417129225537116
combined_training,afro-xlmr,amh,surprise,majority_baseline,0.0,0.0,0.0,0.0,0.0,0.0
combined_training,afro-xlmr,amh,surprise,model,0.5931177289724788,0.056317697332485435,0.6422764227642276,0.061380767766428854,0.6135662374091547,0.020388747015090483
combined_training,afro-xlmr,swa,anger,majority_baseline,0.0,0.0,0.0,0.0,0.0,0.0
combined_training,afro-xlmr,swa,anger,model,0.3387858293487433,0.007422694192114195,0.3227176220806794,0.0828841668617543,0.32715740385472336,0.04592089974081288
combined_training,afro-xlmr,swa,disgust,majority_baseline,0.0,0.0,0.0,0.0,0.0,0.0
combined_training,afro-xlmr,swa,disgust,model,0.1669975610997728,0.05452149579405236,0.1349862258953168,0.07941341766060371,0.1436689561451074,0.06475576289056735
combined_training,afro-xlmr,swa,fear,majority_baseline,0.0,0.0,0.0,0.0,0.0,0.0
combined_training,afro-xlmr,swa,fear,model,0.13315508021390374,0.0430572614618196,0.09929078014184396,0.049136193122521335,0.10821651090342678,0.04388238821440658
combined_training,afro-xlmr,swa,joy,majority_baseline,0.0,0.0,0.0,0.0,0.0,0.0
combined_training,afro-xlmr,swa,joy,model,0.4834952607857091,0.011562053801247706,0.5525525525525525,0.030661528313306492,0.5155466600619859,0.01817525229076025
combined_training,afro-xlmr,swa,sadness,majority_baseline,0.0,0.0,0.0,0.0,0.0,0.0
combined_training,afro-xlmr,swa,sadness,model,0.36873074497246683,0.038191110478705506,0.3275529865125241,0.06649492842673373,0.3415322353711634,0.02243944820659884
combined_training,afro-xlmr,swa,surprise,majority_baseline,0.0,0.0,0.0,0.0,0.0,0.0
combined_training,afro-xlmr,swa,surprise,model,0.3595962812502846,0.029895036177443057,0.50187265917603,0.06400002805481299,0.4159880597620061,0.008139538374380521
combined_training,mbert,afr,anger,majority_baseline,0.0,0.0,0.0,0.0,0.0,0.0
combined_training,mbert,afr,anger,model,0.32610992469371697,0.013928341953398322,0.14056224899598393,0.025080313246579906,0.195895242023411,0.0264815368422008
combined_training,mbert,afr,disgust,majority_baseline,0.0,0.0,0.0,0.0,0.0,0.0
combined_training,mbert,afr,disgust,model,0.41005291005291006,0.11120555321155398,0.04694835680751174,0.0162633878644965,0.08418262468895381,0.028499760958784762
combined_training,mbert,afr,fear,majority_baseline,0.0,0.0,0.0,0.0,0.0,0.0
combined_training,mbert,afr,fear,model,0.3475495974553788,0.014107779086883546,0.42016806722689076,0.06563235021770299,0.37828864261540146,0.025837506631834775
combined_training,mbert,afr,joy,majority_baseline,0.37089201877934275,0.0,1.0,0.0,0.541095890410959,0.0
combined_training,mbert,afr,joy,model,0.5945622101657002,0.026232340213302067,0.6869198312236287,0.08901653673572806,0.634351076522382,0.022624624351009114
combined_training,mbert,afr,sadness,majority_baseline,0.0,0.0,0.0,0.0,0.0,0.0
combined_training,mbert,afr,sadness,model,0.4862675677946397,0.041255498141720345,0.5680473372781065,0.056446106592718676,0.5225297241670802,0.033000353973393994
combined_training,mbert,afr,surprise,majority_baseline,0.0,0.0,0.0,0.0,0.0,0.0
combined_training,mbert,afr,surprise,model,0.0,0.0,0.0,0.0,0.0,0.0
combined_training,mbert,amh,anger,majority_baseline,0.0,0.0,0.0,0.0,0.0,0.0
combined_training,mbert,amh,anger,model,0.43086831446300683,0.013248023879284948,0.6867124856815577,0.056107834595766286,0.5284648317915587,0.007074504675993397
combined_training,mbert,amh,disgust,majority_baseline,0.0,0.0,0.0,0.0,0.0,0.0
combined_training,mbert,amh,disgust,model,0.4002720554532253,0.01899225119072903,0.7510615711252654,0.08804643010506989,0.5201516278440036,0.0041314342461157075
combined_training,mbert,amh,fear,majority_baseline,0.0,0.0,0.0,0.0,0.0,0.0
combined_training,mbert,amh,fear,model,0.03558703062249329,0.009788275598719703,0.5061728395061729,0.47370259365307826,0.05509980201051256,0.004123446042743408
combined_training,mbert,amh,joy,majority_baseline,0.10372040586245773,0.08982450636772081,0.6666666666666666,0.5773502691896257,0.17951219512195124,0.15546212126471876
combined_training,mbert,amh,joy,model,0.1729729939774293,0.008023452338425071,0.8067632850241546,0.12765420542728323,0.28372510756735175,0.002968303685179418
combined_training,mbert,amh,sadness,majority_baseline,0.0,0.0,0.0,0.0,0.0,0.0
combined_training,mbert,amh,sadness,model,0.20805228125127895,0.0021290477460177,0.8751173708920188,0.03038251584481399,0.3361115864005358,0.0008141679122767629
combined_training,mbert,amh,surprise,majority_baseline,0.0,0.0,0.0,0.0,0.0,0.0
combined_training,mbert,amh,surprise,model,0.07276118499140082,0.03305975312796136,0.14227642276422764,0.16376615510962347,0.07576791224458995,0.039703238071080484
combined_training,mbert,swa,anger,majority_baseline,0.0,0.0,0.0,0.0,0.0,0.0
combined_training,mbert,swa,anger,model,0.2535622262491501,0.06837036501625468,0.19957537154989383,0.06380033631132365,0.22129633334031876,0.05882668093016918
combined_training,mbert,swa,disgust,majority_baseline,0.0,0.0,0.0,0.0,0.0,0.0
combined_training,mbert,swa,disgust,model,0.14055422328803624,0.014185247637981218,0.14325068870523416,0.05313306204403832,0.13979545908579985,0.03542317509181323
combined_training,mbert,swa,fear,majority_baseline,0.0,0.0,0.0,0.0,0.0,0.0
combined_training,mbert,swa,fear,model,0.03333333333333333,0.05773502691896258,0.014184397163120567,0.02456809656126067,0.01990049751243781,0.03446867278744034
combined_training,mbert,swa,joy,majority_baseline,0.0,0.0,0.0,0.0,0.0,0.0
combined_training,mbert,swa,joy,model,0.41573259185565,0.017014513580736263,0.3888888888888889,0.04941286087658961,0.40086695758637664,0.0309209399593316
combined_training,mbert,swa,sadness,majority_baseline,0.0,0.0,0.0,0.0,0.0,0.0
combined_training,mbert,swa,sadness,model,0.23773594567341025,0.05390916802342305,0.12138728323699421,0.030586720359128218,0.16056698978194714,0.03876986105804563
combined_training,mbert,swa,surprise,majority_baseline,0.0,0.0,0.0,0.0,0.0,0.0
combined_training,mbert,swa,surprise,model,0.33048935309534866,0.01132395208032265,0.4369538077403246,0.05634598799698756,0.3747586932854739,0.012551483393508044
combined_training,xlm-roberta,afr,anger,majority_baseline,0.0,0.0,0.0,0.0,0.0,0.0
combined_training,xlm-roberta,afr,anger,model,0.45399522460991726,0.025373952846158454,0.1606425702811245,0.03680783690727583,0.23586226943607633,0.04194105758155216
combined_training,xlm-roberta,afr,disgust,majority_baseline,0.0,0.0,0.0,0.0,0.0,0.0
combined_training,xlm-roberta,afr,disgust,model,0.6547619047619048,0.13521210347143509,0.1267605633802817,0.08450704225352113,0.20695883477444502,0.12437880659433206
combined_training,xlm-roberta,afr,fear,majority_baseline,0.0,0.0,0.0,0.0,0.0,0.0
combined_training,xlm-roberta,afr,fear,model,0.4842787457113833,0.023580346986611708,0.36134453781512604,0.03361344537815125,0.41373603492987754,0.030558091601903044
combined_training,xlm-roberta,afr,joy,majority_baseline,0.37089201877934275,0.0,1.0,0.0,0.541095890410959,0.0
combined_training,xlm-roberta,afr,joy,model,0.6459779021053391,0.015074062576463012,0.7620253164556963,0.026672541146462603,0.6988669935759336,0.007036807060003467
combined_training,xlm-roberta,afr,sadness,majority_baseline,0.0,0.0,0.0,0.0,0.0,0.0
combined_training,xlm-roberta,afr,sadness,model,0.6049542124542124,0.036219590317658916,0.6153846153846154,0.015655333201565643,0.6096828001413189,0.019761312961376027
combined_training,xlm-roberta,afr,surprise,majority_baseline,0.0,0.0,0.0,0.0,0.0,0.0
combined_training,xlm-roberta,afr,surprise,model,0.0,0.0,0.0,0.0,0.0,0.0
combined_training,xlm-roberta,amh,anger,majority_baseline,0.0,0.0,0.0,0.0,0.0,0.0
combined_training,xlm-roberta,amh,anger,model,0.5753120599151421,0.006857005385919403,0.718213058419244,0.004545964452000999,0.6388346026265933,0.0025327871294822724
combined_training,xlm-roberta,amh,disgust,majority_baseline,0.0,0.0,0.0,0.0,0.0,0.0
combined_training,xlm-roberta,amh,disgust,model,0.6823076293592599,0.00933927860089279,0.7924628450106157,0.023093747258818593,0.7330518788632455,0.0049542613768067305
combined_training,xlm-roberta,amh,fear,majority_baseline,0.0,0.0,0.0,0.0,0.0,0.0
combined_training,xlm-roberta,amh,fear,model,0.5336564223798267,0.017359077978968098,0.4382716049382716,0.07484170156161814,0.47902456912357905,0.04974958907273204
combined_training,xlm-roberta,amh,joy,majority_baseline,0.10372040586245773,0.08982450636772081,0.6666666666666666,0.5773502691896257,0.17951219512195124,0.15546212126471876
combined_training,xlm-roberta,amh,joy,model,0.7067792029092339,0.0352957451714028,0.7113526570048309,0.005534511708883829,0.7086617130550104,0.015355606539842186
combined_training,xlm-roberta,amh,sadness,majority_baseline,0.0,0.0,0.0,0.0,0.0,0.0
combined_training,xlm-roberta,amh,sadness,model,0.7161249900587552,0.014932101321863008,0.6873239436619718,0.02406761618399307,0.7013943375829088,0.019416103776977212
combined_training,xlm-roberta,amh,surprise,majority_baseline,0.0,0.0,0.0,0.0,0.0,0.0
combined_training,xlm-roberta,amh,surprise,model,0.6449233071455294,0.05990131604637209,0.6626016260162602,0.03725671296712064,0.6514541361909792,0.022558479622406986
combined_training,xlm-roberta,swa,anger,majority_baseline,0.0,0.0,0.0,0.0,0.0,0.0
combined_training,xlm-roberta,swa,anger,model,0.2221857376656138,0.010124634504011467,0.19745222929936304,0.022965294748178284,0.20884078554539007,0.01638606726895142
combined_training,xlm-roberta,swa,disgust,majority_baseline,0.0,0.0,0.0,0.0,0.0,0.0
combined_training,xlm-roberta,swa,disgust,model,0.2104890468129743,0.0333518187190341,0.1818181818181818,0.05419370681241323,0.18909809343205977,0.02091531671170444
combined_training,xlm-roberta,swa,fear,majority_baseline,0.0,0.0,0.0,0.0,0.0,0.0
combined_training,xlm-roberta,swa,fear,model,0.08774250440917107,0.0530476605622397,0.0425531914893617,0.02127659574468085,0.057200116437896055,0.03061323875705865
combined_training,xlm-roberta,swa,joy,majority_baseline,0.0,0.0,0.0,0.0,0.0,0.0
combined_training,xlm-roberta,swa,joy,model,0.4770944912149075,0.027215071248292977,0.4519519519519519,0.01581929992920832,0.4635571582422772,0.005629027563891124
combined_training,xlm-roberta,swa,sadness,majority_baseline,0.0,0.0,0.0,0.0,0.0,0.0
combined_training,xlm-roberta,swa,sadness,model,0.28927085635493505,0.004128361296292059,0.30635838150289013,0.05039189530104824,0.2964661615064386,0.02484905534944273
combined_training,xlm-roberta,swa,surprise,majority_baseline,0.0,0.0,0.0,0.0,0.0,0.0
combined_training,xlm-roberta,swa,surprise,model,0.3319073854728285,0.012522802153505668,0.41323345817727836,0.027094300142585154,0.3680013732777552,0.01723631476295072
gemini_paraphrased,afro-xlmr,afr,anger,majority_baseline,0.0,0.0,0.0,0.0,0.0,0.0
gemini_paraphrased,afro-xlmr,afr,anger,model,0.5218173639226271,0.027445004517006034,0.2610441767068273,0.02508031324657991,0.34712950140533444,0.019271690113033105
gemini_paraphrased,afro-xlmr,afr,disgust,majority_baseline,0.0,0.0,0.0,0.0,0.0,0.0
gemini_paraphrased,afro-xlmr,afr,disgust,model,0.6007575757575757,0.19598676657411415,0.08450704225352113,0.037264102972740715,0.14797027482698644,0.06335917615396806
gemini_paraphrased,afro-xlmr,afr,fear,majority_baseline,0.0,0.0,0.0,0.0,0.0,0.0
gemini_paraphrased,afro-xlmr,afr,fear,model,0.45795561099138027,0.006798378330075607,0.4425770308123249,0.012836346484470155,0.45009566575434506,0.009049726319678581
gemini_paraphrased,afro-xlmr,afr,joy,majority_baseline,0.37089201877934275,0.0,1.0,0.0,0.541095890410959,0.0
gemini_paraphrased,afro-xlmr,afr,joy,model,0.6656146656415566,0.03341980497195176,0.7856540084388186,0.03418502801777064,0.7196369544527229,0.0056673692193775875
gemini_paraphrased,afro-xlmr,afr,sadness,majority_baseline,0.0,0.0,0.0,0.0,0.0,0.0
gemini_paraphrased,afro-xlmr,afr,sadness,model,0.6528810819378953,0.03207364743137165,0.6331360946745562,0.021334622931739582,0.6421298320167264,0.005220516835463532
gemini_paraphrased,afro-xlmr,afr,surprise,majority_baseline,0.0,0.0,0.0,0.0,0.0,0.0
gemini_paraphrased,afro-xlmr,afr,surprise,model,0.0,0.0,0.0,0.0,0.0,0.0
gemini_paraphrased,afro-xlmr,amh,anger,majority_baseline,0.0,0.0,0.0,0.0,0.0,0.0
gemini_paraphrased,afro-xlmr,amh,anger,model,0.5931577725957743,0.006742968452845256,0.7434135166093929,0.02148338984365532,0.659806702586121,0.012601257435576076
gemini_paraphrased,afro-xlmr,amh,disgust,majority_baseline,0.0,0.0,0.0,0.0,0.0,0.0
gemini_paraphrased,afro-xlmr,amh,disgust,model,0.7028703262600429,0.01923525651712604,0.7892781316348195,0.0071803340013103685,0.7434095834773075,0.007557577624729485
gemini_paraphrased,afro-xlmr,amh,fear,majority_baseline,0.0,0.0,0.0,0.0,0.0,0.0
gemini_paraphrased,afro-xlmr,amh,fear,model,0.49783627960484517,0.020986545436253373,0.49382716049382713,0.08350462505227584,0.4930750562305919,0.043140098182101703
gemini_paraphrased,afro-xlmr,amh,joy,majority_baseline,0.0,0.0,0.0,0.0,0.0,0.0
gemini_paraphrased,afro-xlmr,amh,joy,model,0.7803955568060311,0.023171756563865737,0.7077294685990339,0.03038585899857277,0.7416391344283723,0.005683047185107705
gemini_paraphrased,afro-xlmr,amh,sadness,majority_baseline,0.0,0.0,0.0,0.0,0.0,0.0
gemini_paraphrased,afro-xlmr,amh,sadness,model,0.7105912819961958,0.006417409779950774,0.7333333333333334,0.016017579445288223,0.7217632141454172,0.01107654776776176
gemini_paraphrased,afro-xlmr,amh,surprise,majority_baseline,0.0,0.0,0.0,0.0,0.0,0.0
gemini_paraphrased,afro-xlmr,amh,surprise,model,0.6222537881530262,0.031226241068412385,0.6707317073170732,0.03226525989103158,0.6445633352155091,0.004049249486059027
gemini_paraphrased,afro-xlmr,swa,anger,majority_baseline,0.0,0.0,0.0,0.0,0.0,0.0
gemini_paraphrased,afro-xlmr,swa,anger,model,0.3133450576000613,0.05776746872083861,0.32696390658174096,0.05883824399384723,0.31323711332807647,0.010270524845937724
gemini_paraphrased,afro-xlmr,swa,disgust,majority_baseline,0.0,0.0,0.0,0.0,0.0,0.0
gemini_paraphrased,afro-xlmr,swa,disgust,model,0.17220052462838822,0.03604840605063298,0.19559228650137742,0.04551711196104217,0.18297087679685442,0.039956915659125035
gemini_paraphrased,afro-xlmr,swa,fear,majority_baseline,0.0,0.0,0.0,0.0,0.0,0.0
gemini_paraphrased,afro-xlmr,swa,fear,model,0.0984567901234568,0.05335401262331342,0.06382978723404255,0.036852144841891005,0.07739631790264702,0.04364090617947476
gemini_paraphrased,afro-xlmr,swa,joy,majority_baseline,0.0,0.0,0.0,0.0,0.0,0.0
gemini_paraphrased,afro-xlmr,swa,joy,model,0.4873599330594261,0.028790428923604977,0.545045045045045,0.034008263221940296,0.5134410571740433,0.008070647670982667
gemini_paraphrased,afro-xlmr,swa,sadness,majority_baseline,0.0,0.0,0.0,0.0,0.0,0.0
gemini_paraphrased,afro-xlmr,swa,sadness,model,0.3295489548954895,0.025884884909017428,0.3564547206165703,0.05213005494592941,0.34046078520491,0.02378439554700419
gemini_paraphrased,afro-xlmr,swa,surprise,majority_baseline,0.0,0.0,0.0,0.0,0.0,0.0
gemini_paraphrased,afro-xlmr,swa,surprise,model,0.34638624880844987,0.011469241217984821,0.47191011235955055,0.07377421574379103,0.3972304115338412,0.022544487427398736
gemini_paraphrased,mbert,afr,anger,majority_baseline,0.0,0.0,0.0,0.0,0.0,0.0
gemini_paraphrased,mbert,afr,anger,model,0.3441102756892231,0.0552738127590249,0.12449799196787148,0.02508031324657991,0.18018260605063305,0.024066731167388375
gemini_paraphrased,mbert,afr,disgust,majority_baseline,0.0,0.0,0.0,0.0,0.0,0.0
gemini_paraphrased,mbert,afr,disgust,model,0.22857142857142856,0.20603150145508511,0.04694835680751174,0.05863847885820092,0.07570207570207571,0.09042006633247189
gemini_paraphrased,mbert,afr,fear,majority_baseline,0.0,0.0,0.0,0.0,0.0,0.0
gemini_paraphrased,mbert,afr,fear,model,0.37590785907859076,0.021748587991046512,0.3557422969187675,0.03971273635506394,0.36489943339258407,0.027653067649944463
gemini_paraphrased,mbert,afr,joy,majority_baseline,0.37089201877934275,0.0,1.0,0.0,0.541095890410959,0.0
gemini_paraphrased,mbert,afr,joy,model,0.6016566744367158,0.03338226102883341,0.6413502109704642,0.04566328863618123,0.6194475799888876,0.01457155308944072
gemini_paraphrased,mbert,afr,sadness,majority_baseline,0.0,0.0,0.0,0.0,0.0,0.0
gemini_paraphrased,mbert,afr,sadness,model,0.5159158554286026,0.020024234776981644,0.5088757396449705,0.02579230144106906,0.5118081419527748,0.009434737328845751
gemini_paraphrased,mbert,afr,surprise,majority_baseline,0.0,0.0,0.0,0.0,0.0,0.0
gemini_paraphrased,mbert,afr,surprise,model,0.0,0.0,0.0,0.0,0.0,0.0
gemini_paraphrased,mbert,amh,anger,majority_baseline,0.0,0.0,0.0,0.0,0.0,0.0
gemini_paraphrased,mbert,amh,anger,model,0.4216133861316153,0.002648771608094155,0.7485681557846506,0.013123069000446231,0.5393919367482879,0.004603180573881336
gemini_paraphrased,mbert,amh,disgust,majority_baseline,0.0,0.0,0.0,0.0,0.0,0.0
gemini_paraphrased,mbert,amh,disgust,model,0.35687970707312416,0.0010804921153739434,0.9814225053078557,0.014448681092161547,0.5234104898975666,0.002675896591519522
gemini_paraphrased,mbert,amh,fear,majority_baseline,0.0,0.0,0.0,0.0,0.0,0.0
gemini_paraphrased,mbert,amh,fear,model,0.03140362462396361,0.003994849583363625,0.5679012345679012,0.4079681886878594,0.05805627690370726,0.010862028701540617
gemini_paraphrased,mbert,amh,joy,majority_baseline,0.0,0.0,0.0,0.0,0.0,0.0
gemini_paraphrased,mbert,amh,joy,model,0.16494717591784838,0.009129596206893562,0.8985507246376812,0.09371389243751858,0.2782173326741549,0.010876212438523127
gemini_paraphrased,mbert,amh,sadness,majority_baseline,0.0,0.0,0.0,0.0,0.0,0.0
gemini_paraphrased,mbert,amh,sadness,model,0.2079669208106476,0.0015708721236723847,0.9051643192488262,0.050495134872295816,0.3381082102446788,0.0032787967633494575
gemini_paraphrased,mbert,amh,surprise,majority_baseline,0.0,0.0,0.0,0.0,0.0,0.0
gemini_paraphrased,mbert,amh,surprise,model,0.04960692292099528,0.006212506741763004,0.8170731707317073,0.17964536417873456,0.09310306348320253,0.009553992588186377
gemini_paraphrased,mbert,swa,anger,majority_baseline,0.0,0.0,0.0,0.0,0.0,0.0
gemini_paraphrased,mbert,swa,anger,model,0.21507116003231086,0.020965222401485125,0.3524416135881104,0.054171341070798636,0.26512485681557846,0.013898083799895863
gemini_paraphrased,mbert,swa,disgust,majority_baseline,0.0,0.0,0.0,0.0,0.0,0.0
gemini_paraphrased,mbert,swa,disgust,model,0.14062595836442357,0.014486927962814467,0.22038567493112948,0.07407344165150827,0.16850457587846426,0.021939720739422672
gemini_paraphrased,mbert,swa,fear,majority_baseline,0.0,0.0,0.0,0.0,0.0,0.0
gemini_paraphrased,mbert,swa,fear,model,0.06051400076716532,0.026854437803117772,0.0425531914893617,0.036852144841891005,0.04191753329684364,0.018982477627651602
gemini_paraphrased,mbert,swa,joy,majority_baseline,0.0,0.0,0.0,0.0,0.0,0.0
gemini_paraphrased,mbert,swa,joy,model,0.36608195976617025,0.029607440315794622,0.40990990990990994,0.06666057922048985,0.38304320600074276,0.010328404876133845
gemini_paraphrased,mbert,swa,sadness,majority_baseline,0.0,0.0,0.0,0.0,0.0,0.0
gemini_paraphrased,mbert,swa,sadness,model,0.1974080703960445,0.02743649377716745,0.19460500963391136,0.02188403986820915,0.19427820749483352,0.009129344484021008
gemini_paraphrased,mbert,swa,surprise,majority_baseline,0.0,0.0,0.0,0.0,0.0,0.0
gemini_paraphrased,mbert,swa,surprise,model,0.3178490244480092,0.027136375082500334,0.414481897627965,0.1455061401681245,0.34771640914572927,0.04738687305479989
gemini_paraphrased,xlm-roberta,afr,anger,majority_baseline,0.0,0.0,0.0,0.0,0.0,0.0
gemini_paraphrased,xlm-roberta,afr,anger,model,0.48001136794240246,0.11460792187780242,0.1606425702811245,0.04231186246125598,0.24064513399375786,0.06184988921373714
gemini_paraphrased,xlm-roberta,afr,disgust,majority_baseline,0.0,0.0,0.0,0.0,0.0,0.0
gemini_paraphrased,xlm-roberta,afr,disgust,model,0.6696428571428571,0.09061510325975197,0.08450704225352113,0.061392942866770044,0.14514588859416447,0.09397459013524999
gemini_paraphrased,xlm-roberta,afr,fear,majority_baseline,0.0,0.0,0.0,0.0,0.0,0.0
gemini_paraphrased,xlm-roberta,afr,fear,model,0.45815532781824914,0.04316969362994118,0.3025210084033613,0.02521008403361344,0.362791818376526,0.010761576796627972
gemini_paraphrased,xlm-roberta,afr,joy,majority_baseline,0.37089201877934275,0.0,1.0,0.0,0.541095890410959,0.0
gemini_paraphrased,xlm-roberta,afr,joy,model,0.6763821108807743,0.012101865859715004,0.7316455696202532,0.01977278398963714,0.7028322150300732,0.01230484120531907
gemini_paraphrased,xlm-roberta,afr,sadness,majority_baseline,0.0,0.0,0.0,0.0,0.0,0.0
gemini_paraphrased,xlm-roberta,afr,sadness,model,0.5991448020511644,0.016965655959221,0.601577909270217,0.022402005308876805,0.6003365904878893,0.019326194212740344
gemini_paraphrased,xlm-roberta,afr,surprise,majority_baseline,0.0,0.0,0.0,0.0,0.0,0.0
gemini_paraphrased,xlm-roberta,afr,surprise,model,0.0,0.0,0.0,0.0,0.0,0.0
gemini_paraphrased,xlm-roberta,amh,anger,majority_baseline,0.0,0.0,0.0,0.0,0.0,0.0
gemini_paraphrased,xlm-roberta,amh,anger,model,0.5704172205980931,0.01235616228745302,0.7371134020618557,0.04620044556614688,0.6424035503909905,0.009309188897595784
gemini_paraphrased,xlm-roberta,amh,disgust,majority_baseline,0.0,0.0,0.0,0.0,0.0,0.0
gemini_paraphrased,xlm-roberta,amh,disgust,model,0.6937861677957403,0.030216037732979057,0.7707006369426752,0.04967029923720455,0.7288536528560723,0.010826742962291143
gemini_paraphrased,xlm-roberta,amh,fear,majority_baseline,0.0,0.0,0.0,0.0,0.0,0.0
gemini_paraphrased,xlm-roberta,amh,fear,model,0.5689334402566159,0.07602048627245368,0.4197530864197531,0.07484170156161815,0.47689011398488484,0.03672882943520188
gemini_paraphrased,xlm-roberta,amh,joy,majority_baseline,0.0,0.0,0.0,0.0,0.0,0.0
gemini_paraphrased,xlm-roberta,amh,joy,model,0.723827514401859,0.010144251526549741,0.6932367149758454,0.011069023417767719,0.7081979605613413,0.01044940145854214
gemini_paraphrased,xlm-roberta,amh,sadness,majority_baseline,0.0,0.0,0.0,0.0,0.0,0.0
gemini_paraphrased,xlm-roberta,amh,sadness,model,0.6861427849813619,0.008131237030738177,0.7098591549295774,0.017134542338868266,0.6976887124996839,0.007487087531462916
gemini_paraphrased,xlm-roberta,amh,surprise,majority_baseline,0.0,0.0,0.0,0.0,0.0,0.0
gemini_paraphrased,xlm-roberta,amh,surprise,model,0.5855995264671064,0.0678384267130305,0.6422764227642276,0.1303984953849223,0.608515286716416,0.07468478937420549
gemini_paraphrased,xlm-roberta,swa,anger,majority_baseline,0.0,0.0,0.0,0.0,0.0,0.0
gemini_paraphrased,xlm-roberta,swa,anger,model,0.24603174603174605,0.04507070115714503,0.26963906581740976,0.10296692698923261,0.2438096978848153,0.03565113648169166
gemini_paraphrased,xlm-roberta,swa,disgust,majority_baseline,0.0,0.0,0.0,0.0,0.0,0.0
gemini_paraphrased,xlm-roberta,swa,disgust,model,0.14966442000267974,0.02444689934698478,0.15977961432506887,0.07453305376566767,0.14935030029369653,0.04194327993554633
gemini_paraphrased,xlm-roberta,swa,fear,majority_baseline,0.0,0.0,0.0,0.0,0.0,0.0
gemini_paraphrased,xlm-roberta,swa,fear,model,0.09352731041886464,0.060197615510625226,0.06382978723404255,0.02127659574468085,0.07384607838328346,0.037076817444640656
gemini_paraphrased,xlm-roberta,swa,joy,majority_baseline,0.0,0.0,0.0,0.0,0.0,0.0
gemini_paraphrased,xlm-roberta,swa,joy,model,0.4880006089038347,0.015408159683955001,0.5075075075075075,0.07406223696779894,0.49492404053720107,0.030566416192747844
gemini_paraphrased,xlm-roberta,swa,sadness,majority_baseline,0.0,0.0,0.0,0.0,0.0,0.0
gemini_paraphrased,xlm-roberta,swa,sadness,model,0.27702136573104313,0.00954748856271008,0.3159922928709056,0.06016375721000384,0.29341390213667257,0.02941473942262953
gemini_paraphrased,xlm-roberta,swa,surprise,majority_baseline,0.0,0.0,0.0,0.0,0.0,0.0
gemini_paraphrased,xlm-roberta,swa,surprise,model,0.3280919913006175,0.009120176492674707,0.4656679151061174,0.03229092922940714,0.3848471087273364,0.017358245259839523
