training,model,lang,cv_folds,mean_macro_f1,std_macro_f1,mean_jaccard,std_jaccard,baseline_mean_macro_f1,baseline_std_macro_f1,baseline_mean_jaccard,baseline_std_jaccard,per_fold_macro_f1,per_fold_jaccard,cv_results_path
augmented_training,afro-xlmr,afr,3,0.3827802495243593,0.008828234911867544,0.2682270758311685,0.012755111487277286,0.09018264840182649,0.0,0.06181533646322379,0.0,"[0.3866170612599195, 0.3705727351301773, 0.39115095218298107]","[0.27488187392175095, 0.253520831684855, 0.2762785218868995]",/var/home/richter/Documents/Varsity/NLP/Other/Multilabel-Emotion-Analysis-for-African-Languages/augmented_training/results/afro-xlmr/afr/cv_results.json
augmented_training,afro-xlmr,amh,3,0.6637363324652963,0.004581662947731673,0.5019125537209632,0.0071412812468570645,0.04487804878048781,0.0,0.025930101465614433,0.0,"[0.6651819700778749, 0.6575435911760326, 0.6684834361419815]","[0.5030857926207826, 0.49425730422629416, 0.508394564315813]",/var/home/richter/Documents/Varsity/NLP/Other/Multilabel-Emotion-Analysis-for-African-Languages/augmented_training/results/afro-xlmr/amh/cv_results.json
augmented_training,afro-xlmr,swa,3,0.29394553985992844,0.023388472510116113,0.18117581562025406,0.019922278306447393,0.0,0.0,0.0,0.0,"[0.3006077414555813, 0.26255660108483003, 0.318672277039374]","[0.18401851762410146, 0.15998488048240236, 0.19952404875425836]",/var/home/richter/Documents/Varsity/NLP/Other/Multilabel-Emotion-Analysis-for-African-Languages/augmented_training/results/afro-xlmr/swa/cv_results.json
augmented_training,mbert,afr,3,0.2917570093912922,0.00968014976558321,0.1922320510009536,0.009725061868549429,0.09018264840182649,0.0,0.06181533646322379,0.0,"[0.2792556874172191, 0.30283940514977464, 0.2931759356068827]","[0.18150056363303624, 0.20046191976969588, 0.1947336696001287]",/var/home/richter/Documents/Varsity/NLP/Other/Multilabel-Emotion-Analysis-for-African-Languages/augmented_training/results/mbert/afr/cv_results.json
augmented_training,mbert,amh,3,0.2997869267608106,0.006303665176039002,0.1915634737228209,0.0051096057107814594,0.04487804878048781,0.0,0.025930101465614433,0.0,"[0.305414863234192, 0.29098555171765533, 0.30296036533058435]","[0.19568732731811944, 0.18584731045730887, 0.19315578339303432]",/var/home/richter/Documents/Varsity/NLP/Other/Multilabel-Emotion-Analysis-for-African-Languages/augmented_training/results/mbert/amh/cv_results.json
augmented_training,mbert,swa,3,0.23773867390587533,0.009576583899572515,0.14150899059246944,0.007998846593717754,0.0,0.0,0.0,0.0,"[0.239057398413177, 0.22540617312680175, 0.24875245017764724]","[0.1427145874307128, 0.1329757792567624, 0.14883660508993304]",/var/home/richter/Documents/Varsity/NLP/Other/Multilabel-Emotion-Analysis-for-African-Languages/augmented_training/results/mbert/swa/cv_results.json
augmented_training,xlm-roberta,afr,3,0.3543037281028525,0.010066005475248397,0.24370702557222432,0.007920984636736808,0.09018264840182649,0.0,0.06181533646322379,0.0,"[0.343175149986239, 0.3675558491812036, 0.3521801851411148]","[0.23827566708555473, 0.252795871717295, 0.24004953791382314]",/var/home/richter/Documents/Varsity/NLP/Other/Multilabel-Emotion-Analysis-for-African-Languages/augmented_training/results/xlm-roberta/afr/cv_results.json
augmented_training,xlm-roberta,amh,3,0.6410822646546631,0.0042214577714417036,0.47866585267624706,0.006115221584822983,0.04487804878048781,0.0,0.025930101465614433,0.0,"[0.6418069500722158, 0.6355879455373002, 0.6458518983544732]","[0.47817452812004285, 0.4728111145439795, 0.48501191536471877]",/var/home/richter/Documents/Varsity/NLP/Other/Multilabel-Emotion-Analysis-for-African-Languages/augmented_training/results/xlm-roberta/amh/cv_results.json
augmented_training,xlm-roberta,swa,3,0.27672608524980485,0.007764949517912259,0.16723739131870008,0.007031832794764088,0.0,0.0,0.0,0.0,"[0.26824478152282705, 0.28700762089314363, 0.27492585333344405]","[0.16062372838873465, 0.17462359399014593, 0.16646485157721963]",/var/home/richter/Documents/Varsity/NLP/Other/Multilabel-Emotion-Analysis-for-African-Languages/augmented_training/results/xlm-roberta/swa/cv_results.json
baseline,afro-xlmr,afr,3,0.3999727514440701,0.0083951497168987,0.2785207478437303,0.008081128133703463,0.09018264840182649,0.0,0.06181533646322379,0.0,"[0.3910386808874007, 0.41121138886813485, 0.3976681845766747]","[0.271051456663335, 0.2870991418646565, 0.2774116450031993]",/var/home/richter/Documents/Varsity/NLP/Other/Multilabel-Emotion-Analysis-for-African-Languages/baseline/results/afro-xlmr/afr/cv_results.json
baseline,afro-xlmr,amh,3,0.6681071774036936,0.006495621642608183,0.5074081493363981,0.007398407219159894,0.0,0.0,0.0,0.0,"[0.6745314109792858, 0.6592085354897282, 0.670581585742067]","[0.5129198718125965, 0.4989996678307111, 0.5103049083658867]",/var/home/richter/Documents/Varsity/NLP/Other/Multilabel-Emotion-Analysis-for-African-Languages/baseline/results/afro-xlmr/amh/cv_results.json
baseline,afro-xlmr,swa,3,0.31625431833736845,0.0075638621320604045,0.19621930079242078,0.0072207196550840725,0.0,0.0,0.0,0.0,"[0.32584406569675206, 0.30735510857048515, 0.31556378074486824]","[0.20370465555279516, 0.18929607465127693, 0.19565717217319026]",/var/home/richter/Documents/Varsity/NLP/Other/Multilabel-Emotion-Analysis-for-African-Languages/baseline/results/afro-xlmr/swa/cv_results.json
baseline,mbert,afr,3,0.3259143945823057,0.02584044585665204,0.21111405079113146,0.023102610922361655,0.09018264840182649,0.0,0.06181533646322379,0.0,"[0.34483628483001666, 0.2893782852817359, 0.34352861363516457]","[0.22552026959424962, 0.18446675777910582, 0.22335512500003904]",/var/home/richter/Documents/Varsity/NLP/Other/Multilabel-Emotion-Analysis-for-African-Languages/baseline/results/mbert/afr/cv_results.json
baseline,mbert,amh,3,0.30554197655087445,0.0009083603543382341,0.1951704942614395,0.000989702239418507,0.0,0.0,0.0,0.0,"[0.30429336860064454, 0.3064278363325914, 0.3059047247193874]","[0.1940667793972898, 0.19597900446809757, 0.19546569891893115]",/var/home/richter/Documents/Varsity/NLP/Other/Multilabel-Emotion-Analysis-for-African-Languages/baseline/results/mbert/amh/cv_results.json
baseline,mbert,swa,3,0.25119929155352266,0.0016526998161644948,0.1495646618044414,0.0016041782811190546,0.0,0.0,0.0,0.0,"[0.2505650778515257, 0.25346459109485614, 0.24956820571418614]","[0.14921576898689826, 0.1513145742741023, 0.1481636421523236]",/var/home/richter/Documents/Varsity/NLP/Other/Multilabel-Emotion-Analysis-for-African-Languages/baseline/results/mbert/swa/cv_results.json
baseline,xlm-roberta,afr,3,0.3743457271697644,0.017278812088016234,0.2544347874176596,0.014068184670975634,0.09018264840182649,0.0,0.06181533646322379,0.0,"[0.3949638002496307, 0.35267855180278596, 0.3753948294568765]","[0.26422065266275035, 0.238312809822795, 0.26077089976743345]",/var/home/richter/Documents/Varsity/NLP/Other/Multilabel-Emotion-Analysis-for-African-Languages/baseline/results/xlm-roberta/afr/cv_results.json
baseline,xlm-roberta,amh,3,0.6471935796054354,0.016813906891453432,0.48480584533995247,0.018338704721170666,0.0,0.0,0.0,0.0,"[0.6688127474204122, 0.6278096219789747, 0.6449583694169198]","[0.5041428178432278, 0.467662788086848, 0.4826119300897817]",/var/home/richter/Documents/Varsity/NLP/Other/Multilabel-Emotion-Analysis-for-African-Languages/baseline/results/xlm-roberta/amh/cv_results.json
baseline,xlm-roberta,swa,3,0.28102153827096993,0.0012450139056506284,0.1710399663606079,0.0012054360017840408,0.0,0.0,0.0,0.0,"[0.28263334568879517, 0.2796019187697089, 0.2808293503544058]","[0.17154960338689276, 0.16966341769699397, 0.17190687799793689]",/var/home/richter/Documents/Varsity/NLP/Other/Multilabel-Emotion-Analysis-for-African-Languages/baseline/results/xlm-roberta/swa/cv_results.json
combined_training,afro-xlmr,afr,3,0.37708667278787406,0.012645252037255108,0.2647672687862797,0.009006757191488952,0.09018264840182649,0.0,0.06181533646322379,0.0,"[0.36202066351836876, 0.3929632451335608, 0.3762761097116925]","[0.2563720186060611, 0.2742810490580116, 0.26364873869476635]",/var/home/richter/Documents/Varsity/NLP/Other/Multilabel-Emotion-Analysis-for-African-Languages/combined_training/results/afro-xlmr/afr/cv_results.json
combined_training,afro-xlmr,amh,3,0.6634919874847465,0.000920704698151612,0.5015558772673815,0.0014404256378114505,0.029918699186991873,0.025910353544119795,0.017286734310409623,0.014970751061286803,"[0.6624542028379947, 0.6646919069603141, 0.6633298526559305]","[0.5001320422293348, 0.5030123391815805, 0.5015232503912292]",/var/home/richter/Documents/Varsity/NLP/Other/Multilabel-Emotion-Analysis-for-African-Languages/combined_training/results/afro-xlmr/amh/cv_results.json
combined_training,afro-xlmr,swa,3,0.30868497101640213,0.021295402157612237,0.19135901300945682,0.016602815120833,0.0,0.0,0.0,0.0,"[0.32845041027531574, 0.2791239184352367, 0.31848058433865395]","[0.20410507572145833, 0.1725840913159771, 0.19738787199093508]",/var/home/richter/Documents/Varsity/NLP/Other/Multilabel-Emotion-Analysis-for-African-Languages/combined_training/results/afro-xlmr/swa/cv_results.json
combined_training,mbert,afr,3,0.3025412183362048,0.008013067489835842,0.2008660221751446,0.007852592749179904,0.09018264840182649,0.0,0.06181533646322379,0.0,"[0.2912331171843195, 0.3075557283356047, 0.3088348094886901]","[0.19181764842152818, 0.20589855164865525, 0.2048818664552503]",/var/home/richter/Documents/Varsity/NLP/Other/Multilabel-Emotion-Analysis-for-African-Languages/combined_training/results/mbert/afr/cv_results.json
combined_training,mbert,amh,3,0.29988681130975875,0.005579445975149953,0.19099418968645923,0.003639918746859003,0.029918699186991873,0.025910353544119795,0.017286734310409623,0.014970751061286803,"[0.29252754301030953, 0.30110144978870274, 0.3060314411302639]","[0.18721126512695477, 0.19129942379329343, 0.19447188013912955]",/var/home/richter/Documents/Varsity/NLP/Other/Multilabel-Emotion-Analysis-for-African-Languages/combined_training/results/mbert/amh/cv_results.json
combined_training,mbert,swa,3,0.21953082176539232,0.008691937236338923,0.130020137960485,0.007552898005914597,0.0,0.0,0.0,0.0,"[0.20921321147236882, 0.23047623626122551, 0.2189030175625827]","[0.1224797798595794, 0.13758551372129804, 0.12999512030057755]",/var/home/richter/Documents/Varsity/NLP/Other/Multilabel-Emotion-Analysis-for-African-Languages/combined_training/results/mbert/swa/cv_results.json
combined_training,xlm-roberta,afr,3,0.3608511554762752,0.016981590965563342,0.2483517878531096,0.013434938710607249,0.09018264840182649,0.0,0.06181533646322379,0.0,"[0.3545081549828994, 0.34396308428840033, 0.384082227157526]","[0.24234833754804777, 0.23896535267071736, 0.26374167334056364]",/var/home/richter/Documents/Varsity/NLP/Other/Multilabel-Emotion-Analysis-for-African-Languages/combined_training/results/xlm-roberta/afr/cv_results.json
combined_training,xlm-roberta,amh,3,0.6520702062403861,0.001281288943720135,0.4894067006825691,0.002634623926869626,0.029918699186991873,0.025910353544119795,0.017286734310409623,0.014970751061286803,"[0.6509511259726667, 0.6513955273694699, 0.6538639653790217]","[0.4864288727110857, 0.4914347330831534, 0.49035649625346805]",/var/home/richter/Documents/Varsity/NLP/Other/Multilabel-Emotion-Analysis-for-African-Languages/combined_training/results/xlm-roberta/amh/cv_results.json
combined_training,xlm-roberta,swa,3,0.2638606147403028,0.008674023874706904,0.15871492259273756,0.006982259554855976,0.0,0.0,0.0,0.0,"[0.252545301798448, 0.26541573479586505, 0.2736208076265954]","[0.15164210860756355, 0.15889969934919723, 0.16560295982145187]",/var/home/richter/Documents/Varsity/NLP/Other/Multilabel-Emotion-Analysis-for-African-Languages/combined_training/results/xlm-roberta/swa/cv_results.json
gemini_paraphrased,afro-xlmr,afr,3,0.3844937047426859,0.010788498315371037,0.26937826075169563,0.008170402572832155,0.09018264840182649,0.0,0.06181533646322379,0.0,"[0.3968871285279214, 0.37059051317314595, 0.38600347252699024]","[0.2776501921159044, 0.2613133204156253, 0.26917126972355715]",/var/home/richter/Documents/Varsity/NLP/Other/Multilabel-Emotion-Analysis-for-African-Languages/gemini_paraphrased/results/afro-xlmr/afr/cv_results.json
gemini_paraphrased,afro-xlmr,amh,3,0.6673761710138866,0.002798235738577533,0.5069443725266415,0.0021463600424775726,0.0,0.0,0.0,0.0,"[0.6702895795127796, 0.6636001515504356, 0.6682387819784443]","[0.5080439057448752, 0.5044710333406655, 0.5083181784943839]",/var/home/richter/Documents/Varsity/NLP/Other/Multilabel-Emotion-Analysis-for-African-Languages/gemini_paraphrased/results/afro-xlmr/amh/cv_results.json
gemini_paraphrased,afro-xlmr,swa,3,0.3041227603233954,0.0012624642133647692,0.1876897244875658,0.0012516294016710788,0.0,0.0,0.0,0.0,"[0.30402439808081627, 0.30262809317268213, 0.30571578971668784]","[0.18839133906531405, 0.18624466910189375, 0.18843316529548956]",/var/home/richter/Documents/Varsity/NLP/Other/Multilabel-Emotion-Analysis-for-African-Languages/gemini_paraphrased/results/afro-xlmr/swa/cv_results.json
gemini_paraphrased,mbert,afr,3,0.2920066395144925,0.016565422903131413,0.19269860786248472,0.012439527904463026,0.09018264840182649,0.0,0.06181533646322379,0.0,"[0.31451162503253277, 0.27511818418781947, 0.2863901093231253]","[0.20678083546190715, 0.18320596314017368, 0.18810902498537332]",/var/home/richter/Documents/Varsity/NLP/Other/Multilabel-Emotion-Analysis-for-African-Languages/gemini_paraphrased/results/mbert/afr/cv_results.json
gemini_paraphrased,mbert,amh,3,0.30504788499193297,0.0008963987687186707,0.19460089388045476,0.0006883455871647588,0.0,0.0,0.0,0.0,"[0.3054884119993106, 0.3058570621595161, 0.3037981808169723]","[0.19517388819090153, 0.19479144786244404, 0.19383734558801868]",/var/home/richter/Documents/Varsity/NLP/Other/Multilabel-Emotion-Analysis-for-African-Languages/gemini_paraphrased/results/mbert/amh/cv_results.json
gemini_paraphrased,mbert,swa,3,0.2334307981053653,0.012763219726372371,0.13701397832182222,0.010419275843131067,0.0,0.0,0.0,0.0,"[0.24678626975479415, 0.21623768309388505, 0.23726844146741674]","[0.14571591710130774, 0.12546797556149533, 0.13985804230266358]",/var/home/richter/Documents/Varsity/NLP/Other/Multilabel-Emotion-Analysis-for-African-Languages/gemini_paraphrased/results/mbert/swa/cv_results.json
gemini_paraphrased,xlm-roberta,afr,3,0.3419586077470685,0.012247738181512022,0.23508584145846703,0.00888755695570936,0.09018264840182649,0.0,0.06181533646322379,0.0,"[0.3549807047831126, 0.34533843267036546, 0.32555668578772745]","[0.24134090012139855, 0.23900418676989987, 0.22491243748410264]",/var/home/richter/Documents/Varsity/NLP/Other/Multilabel-Emotion-Analysis-for-African-Languages/gemini_paraphrased/results/xlm-roberta/afr/cv_results.json
gemini_paraphrased,xlm-roberta,amh,3,0.6437582128348982,0.014331025633645132,0.48074365271761427,0.017175269866192323,0.0,0.0,0.0,0.0,"[0.6614361515688877, 0.6435032579807216, 0.6263352289550851]","[0.4976610278120706, 0.48124831889048636, 0.46332161145028583]",/var/home/richter/Documents/Varsity/NLP/Other/Multilabel-Emotion-Analysis-for-African-Languages/gemini_paraphrased/results/xlm-roberta/amh/cv_results.json
gemini_paraphrased,xlm-roberta,swa,3,0.2733651879938342,0.007761535284026596,0.1664218904646902,0.00842764779514902,0.0,0.0,0.0,0.0,"[0.26262310543493317, 0.27678228667661003, 0.2806901718699595]","[0.15679222201285703, 0.17002125708926688, 0.17245219229194667]",/var/home/richter/Documents/Varsity/NLP/Other/Multilabel-Emotion-Analysis-for-African-Languages/gemini_paraphrased/results/xlm-roberta/swa/cv_results.json
